firstCol,numInsecure,total,proportion
No High School Diploma,1681,8257,20.36
High School Diploma,2340,18035,12.974771278070400
Some College No Degree,1198,11083,10.80934764955340
Bachelors,640,14280,4.481792717086840
Higher than Bachelors,220,8575,2.57