firstCol,numInsecure,total,proportion
Above 185% Poverty,3183.0,60078.0,5.298112453810047
Below 185% Poverty,5694.0,21512.0,26.46894756415024
