firstCol,numInsecure,total,proportion,,,
Never Married,2861.0,19979.0,14.320036037839700,,,
Separated,232.0,992.0,23.387096774193500,,,
Divorced,1048.0,7170.0,14.616457461645700,,,
Widowed,404.0,4304.0,9.386617100371750,,,
Married - Spouse Absent,100.0,778.0,12.853470437018000,,,
Married - Spouse Present,2056.0,33828.0,6.077805368333930,,,
